isiZulu,English,Sentiment
"abacwaningi bathi ukujezisa ngokushaya noma ngabe kungakanani , kunomthelela omubi emqondweni nasemzimbeni wengane .","researchers say that punishing by hitting, no matter how much, has a negative impact on the child's mind and body.",Negative
abafundi abasebancane kakhulu bona bangakuthokozela ukufunda imibhalo ebhalwe ngamagama amakhulu kanye nemibala emihle yezithombe .,Very young students can enjoy reading texts written in large letters and beautiful colors of pictures.,Positive
abangaphoqwa .,who cannot be forced.,Positive
abantu abaningi bayaluthokozela lolu hlelo kwazise phela nenja iyawaqeda amanzi ngolimi .,Many people enjoy this program since even a dog can use its tongue.,Positive
abantu abasha bakhala ngemfundo yamahhala kanye nokungasebenzi bebe bafunda bagogoda ezikhungweni zemfundo ephakeme .,young people are complaining about free education and unemployment while they are studying in institutions of higher education.,Negative
abantu babembuza umuntu imvelaphi yakhe ngaphambi kokuba bamngenise .,people would ask a person his origin before they let him in.,Neutral
abantu bazothuthuka kanjani uma beziphatha kanje ?,How will people develop if they behave like this?,Positive
abathengi abaningi bahlala belalele noma bebuka izikhangisi ezimayelana nokwehliswa kwezimpahla ezinhlobonhlobo ezitolo .,Many consumers are constantly listening or watching advertisements about discounts on various goods in stores.,Neutral
abazali abaqikelele ukuthi bajezisa izingane ngokuziphuca ilungelo lokwenza izinto ezizithandayo uma zingayihloniphi imithetho abazibekele yona .,parents who are careful to punish children by depriving them of the right to do things they like if they don't respect the rules they set for themselves.,Negative
abazali baphoqelekikile manje ukubeka izinkolelo zabo nemizwa eceleni uma bexabana nomthetho ovikela amalungelo ezingane .,Parents are now forced to put their beliefs and feelings aside when they argue with the law that protects children's rights.,Negative
"abazali kumele babeke imithetho emakhaya ezolandelwa , igcinwe futhi ihlonishwe yizingane zabo .","parents must set rules at home that will be followed, kept and respected by their children.",Positive
abazali mabachazele izingane zabo ukuthi nanoma yikuphi ezikwenzayo kuba nomphumela ekugcineni .,"parents should explain to their children that no matter what they do, there is a result in the end.",Neutral
abazali mabajezise ngothando hhayi ngempi ukuze isijeziso sengane singagcini sakhe ubutha phakathi kwengane nomzali wayo .,parents should punish with love and not with war so that the child's punishment does not end up creating enmity between the child and his parent.,Neutral
abuye akhumbule ukuthi kufanele le nkomazi ayisenge iludedele lonke ubisi .,he also remembers that the milking cow should release all the milk.,Neutral
adideke manje unomalanga ukuthi uzoduduza bani ayeke bani .,He is confused now that he is going to comfort whom he is going to let go of.,Positive
agibela amazimu abambelela emsileni ebheke phezulu embhoshongweni .,they climbed the fields and held on to the tail towards the top of the tower.,Positive
ahlangana ngoba esebona umyeni .,ahlangana ngoba esebona umyeni .,Neutral
"ake ngibuze ngale ndlela ndodana , ngiyazi kungumbuzo oxakayo futhi ongavusa uhlevane kepha-ke kayikho indlela engingaluqala ngayo lolu daba .","Let me ask this way son, I know it's a strange question and can cause trouble but there is no way I can start this matter.",Negative
ake uncome umbhali ngokuveza amazwi adwetshelwe esiphethweni sale ndaba .,Let's praise the author for expressing the underlined words at the end of this story.,Positive
akekho umakoti ?,no bride?,Negative
akothi uma befika bangeniswe ?,"When they arrive, they will not be admitted?",Negative
akufuneki phela ukuthi asho ihlaya elidala futhi elaziwayo endlunkulu .,"After all, it is not necessary for him to tell an old and well-known joke at headquarters.",Positive
akufuneki ukuthi adlale ngezindlebe zesilo .,he does not need to play with the ears of the beast.,Negative
akukonakali lutho .,nothing is damaged.,Positive
akulungile ukucwasa abantu abathile abenza imisebenzi edelelekile ngoba wena uphila kangcono noma wenza umsebenzi ongcono kunowabo .,It is not right to discriminate against certain people who do menial jobs because you live better or do a better job than them.,Positive
akunani ngoba akekho umuntu olimele .,it doesn't matter because no one is hurt.,Negative
akusekho ukucabanga kubantu ngaphambi kokuthatha izinqumo .,there is no more thinking for people before making decisions.,Negative
akuyona-ke into enhle ukulokhu kusolwa abalele ukuthi babhedisa izinto ngabomu kanti akubona abazibhedisayo bafela nje ukuthi babizwe ngezithutha .,"It is not a good thing to accuse the sleepers of deliberately misrepresenting things and they are not the ones who are misrepresenting themselves, they are just dying to be called stupid.",Negative
amaphoyisa omgwaqo aye athi chithi saka nezindawo ezizungeze izitolo ezinkulu ukuze alawule ukuhamba kwezimoto .,The traffic police have dispersed the areas around the malls to control traffic.,Neutral
angazi ukuthi ngizoyibeka kanjani le ncazelo kuwe mkami .,I don't know how to explain this to my wife.,Neutral
angazi ukuthi ungubane ungenwe yini ukuba ashiye imoto ingafakiwe amabhuliki esandla ?,"I don't know if he is a police officer, why did he leave the car without the hand brakes installed?",Negative
angazi ukuthi zithi angenzenjani ngalo miliyemu ezimfunayo .,I don't know what to do with the millions they want.,Positive
angezwa ngokutshelwa .,he can hear by being told.,Neutral
angisamdingi nje lapha kwami .,I just don't need it here anymore.,Neutral
aqale-ke ukuyibhacaza imali usithole .,Then he started to spend money and found us.,Neutral
aqhubeke athi makususwe eduze nomnyango namafasitela izinto ezehliswe kakhulu ngoba azihehi kuphela abathengi kepha ziheha nezigebengu .,He went on to say that things should be removed near the door and windows because they not only attract buyers but they also attract criminals.,Negative
asebizwa ngokuthi ayizinhloli .,they are called spies.,Neutral
asiqhubeke ngalokho esihlangene ngakho njengoba umfana ngike ngamethulela ngalokho enihamba ngakho .,let's continue with what we have in common since I have introduced the boy to what you are going through.,Neutral
athi ukuthula kancane futhi usithole .,He said to be quiet and find us.,Neutral
athole nenyama ashaye esentwala .,find meat and beat the lice.,Neutral
athule nje okungathi kukhona akucabangayo .,he just kept quiet as if he was thinking about something.,Neutral
awumazi wena uyihlo ukuthi unjani uma esethukuthele !,You don't know what your father is like when he is angry!,Negative
awuzukuhlala wedwa .,you will not be alone.,Positive
ayenekhono lokukhetha usawoti esihlabathini .,they had the ability to choose salt from sand.,Positive
ayilalanga indodana yenkosi ngalobo busuku .,the king's son did not sleep that night.,Neutral
azinqeni ukuthi impahla ebikade imba eqolo zona ziyibize encane imali le .,They do not hesitate that the goods that used to be expensive cost less money.,Positive
baba yincwadi yomshado lena .,This is a marriage certificate.,Neutral
babeka imali ngabodwana noma bayibeke bengamaqembu .,they put money individually or put it in groups.,Neutral
babongwa nini laba bantu abenza imisebenzi abanye abayibukela phansi ?,When are these people who do jobs that others look down on appreciated?,Positive
bagcina sebethathwa njengamalungu omndeni .,they end up being considered as family members.,Neutral
bahamba njalo obahlekile noyise baze bafika ekhaya .,they always went laughing with their father until they got home.,Positive
"bahamba-ke bobabili beyongena endlini ungubane ebalandela elengise indwangu yokusula imoto , isiphundu sakhe simtshela ukuthi wonke amehlo akuye .","The two of them went into the house and he followed them hanging a cloth to wipe the car, his butt told him that all eyes were on him.",Neutral
bahlale-ke baxoxe kube mnandi kube njeya .,let's sit and talk and have fun like that.,Positive
bangabheka izithombe uma zikhona ezihambelana naleyo ndaba bese bexoxa ngazo ngaphambi kokuba bafunde .,they can look at the pictures if there are any related to that story and discuss them before they read.,Neutral
baqinisile abadala uma bethi akulula ukwazi ukuthi ukuguga kukufikela nini .,The elders are right when they say that it is not easy to know when old age will hit you.,Negative
baqinisile abadala uma bethi kungcono ukuthemba itshe kunokuthemba umuntu .,The elders are right when they say that it is better to trust a stone than to trust a person.,Positive
baqinisile abadala uma bethi umhawu usuka esweni bese uyongena shi enhliziyweni .,The elders are right when they say that jealousy starts from the eye and goes deep into the heart.,Positive
bathi noma bephekile kube khona ezikhononda ngokuthi zona aziyidli leyo nto .,"They said that even though they cooked it, there were some who complained that they did not eat that thing.",Negative
bathi voshosho nabo kosofa .,They said that they will be pushed to the sofa.,Neutral
batshele bangene !,Tell them to come in!,Neutral
bayakhohlwa ukuthi ukwenza kuya emuva kuye phambili .,they forget that doing goes backwards and forwards.,Negative
bayakhohlwa ukuthi umagebhugebhu nje kungenxa yokuthi bawusukele umuhle bawugebhula ngamathayi avuthayo .,they forget that he is just ugly because they chased him and beat him with burning tires.,Negative
bayaphuma bayangena .,they go out and come in.,Neutral
"bazitshela ukuthi usuke usumlahla umzali wakho , kanti lutho olubaziwe .","they say to themselves that you are abandoning your parent, but nothing has been done.",Negative
bengilokhu ngigqolozele emnyango ngithi uyangena lutho .,I have been staring at the door saying nothing is coming in.,Neutral
bese ngehlulekile ukuzibamba .,then I couldn't control myself.,Neutral
bese ngethukile .,I was scared.,Negative
bhala inani lamagama owasebenzisile ekugcineni kwesiqeshana osifingqile .,write the number of words you used at the end of your summary paragraph.,Positive
bhala incwadi eya kumhleli ukhononde ngalesi senzo .,write a letter to the editor and complain about this action.,Negative
bhala incwadi ucele umngani wakho ukuba akuphelezele ukuya kulo mcimbi .,write a letter and ask your friend to accompany you to this event.,Positive
bhala incwadi umhalalisele bese uyameluleka ngokubaluleka kokuziphatha kahle kulo mkhakha .,write a letter to congratulate him and advise him on the importance of good behavior in this field.,Positive
bhala inkulumo elungiselelwe ezokwethulwa ngumkhulu kulo mhlangano .,write a prepared speech to be presented by the grandfather at this meeting.,Positive
bhala inombolo kanye nesihloko sendaba yakho .,write the number and title of your story.,Positive
bhala inombolo yombuzo kanye nesihloko sombhalo owukhethile .,write the number of the question and the title of the text you have chosen.,Positive
bhala inombolo yombuzo owukhethile bese uyinika isihloko indaba yakho .,write the number of the question you have chosen and give it a title for your essay.,Positive
bhala inombolo yombuzo wesithombe osikhethile bese uyinika isihloko indaba yakho .,write the number of the picture question you have chosen and give it a title for your story.,Positive
bhala ukuxhumana okusekuqaleni okulandelanayo kulezi zithakazelo zakwazwane bese usho ukuthi iyini inhloso ekusebenziseni lokhu kuxhumana kulezi zithakazelo .,write the first successive connections in these mutual interests and state what is the purpose of using these connections in these interests.,Positive
bhala umbiko ongabekelwe mgomo ozowethulela isigungu sokuphathwa kwesikole .,write a non-objective report to present to the school board.,Neutral
bhala umlando kamufi ozofundwa ngosuku azofihlwa ngalo .,write the history of the deceased to be read on the day he will be buried.,Neutral
bheka isiqeshana g ngezansi .,see section g below.,Neutral
bhekisa impendulo yakho kulesi siqephu .,refer your answer to this passage.,Neutral
bhekisa impendulo yakho kulesi siqeshana .,refer your answer to this passage.,Neutral
cha ngiphuthume baba kanti kwenzekani kanti ?,"No, I hurried, father, and what happened?",Neutral
"cha , bakwethu singalokhu sichitha isikhathi ngemibuzo kwathina esingenayo impendulo yayo .","No, people, we keep wasting time with questions that we don't have the answer to.",Negative
chaza inhloso yokuba khona komlingiswa ongumuntu wokuqala kulo mdlalo ngenkathi kugqekezwa ebhange .,explain the purpose of the presence of the first person character in the game during the bank robbery.,Neutral
chaza isizathu esenza ukuba izingane zalaba basebenzi ziphumelele zidlule lezo zomacaphunakusale .,explain the reason why the children of these workers are more successful than those of the other workers.,Positive
chaza isizathu sombhali sokusebenzisa isizinda senkathi yengcindezelo esitholakala kulo mdlalo .,explain the author's reason for using the background of the era of oppression found in this play.,Positive
chaza isizathu sombhali sokusebenzisa isizinda sesikhathi samanje esitholakala kulo mdlalo ubhekise kumlingiswa onguheshane .,explain the author's reason for using the present day background found in this play to refer to the character of the hero.,Positive
chaza isizathu sombhali sokusebenzisa isizinda sesikhathi samanje esitholakala kulo mdlalo .,explain the author's reason for using the present day background found in the play.,Positive
chaza isizinda sendawo esitholakala kulesi siqeshana .,describe the local background found in this piece.,Neutral
chaza kafushane ngeqhaza elibanjwa ingalo yomthetho kanye nohulumeni ukuvikela abantu ngalolu suku .,Briefly explain the role played by the law enforcement and the government to protect people on this day.,Positive
chaza udweshu lwangaphakathi olukhungethe umlingiswa oyimpisi kulesi siqeshana .,describe the internal conflict that plagues the wolf character in this clip.,Negative
cisho impela .,it's very clear.,Positive
eceleni kwawo kwenye imbenge kubekwe isikhetho .,"next to it, in another place, there is an election.",Neutral
emhlabeni ayikho into eziyikhonze njengemali .,There is nothing in the world that is as valuable as money.,Positive
empeleni ufuna ukuthini ?,What do you really want to say?,Positive
emtatsheni yolwazi ukufunda buthule kusiza abafundi ukuthi baqonde kangcono umhlaba obazungezile .,in the library reading quietly helps students to better understand the world around them.,Positive
emuva kokuphendula imibuzo yaleli phepha sebenzisa lolu hla oluyinkomba yokuphendulwa kwemibuzo ukuze ube nesiqiniseko sokuthi uyikhethe ngokufanele imibuzo okulindeleke uyiphendule .,"after answering the questions on this paper, use this guide to answer the questions so that you can be sure that you have chosen the questions that you are expected to answer.",Positive
"emuva kwalokho , funda imibuzo yaleyo mibhalo bese ukhetha imibuzo ozoyiphendula .","after that, read the questions of those texts and choose the questions to answer.",Neutral
eqinisweni jabulani asiyiyeke le nto ebesithi siyayiqala .,"In fact, please let's stop what we said we were starting.",Neutral
eqinisweni abantu abamnyama abayingeni eyokuhambisa abantu abadala kulezi zindawo .,"In fact, black people don't come to transport old people to these places.",Neutral
esikhathini samanje sekwaba usuku olukhulu kunazo zonke izinsuku emhlabeni jikelele .,nowadays it is the biggest day of all the days in the world.,Neutral
ezwe ukungqongqoza emnyango .,he heard a knock on the door.,Neutral
funda lesi siqeshana esingezansi bese uphendula imibuzo elandelayo .,read the passage below and answer the questions that follow.,Neutral
"funda ulimi lukamakhelwane wakho , buza ngemvunulo yakhe nangendlela egqokwa ngayo .","learn your neighbor's language, ask about his clothes and the way he wears them.",Neutral
fundisisa le nkondlo bese uphendula imibuzo elandelayo .,study this poem and answer the following questions.,Neutral
fundisisa le nkondlo bese uphendula umbuzo olandelayo .,study this poem and answer the following question.,Neutral
fundisisa lesi siqeshana senganekwane bese uphendula imibuzo elandelayo ngezansi .,study this piece of fiction and answer the following questions below.,Neutral
fundisisa lesi siqeshana senganekwane bese uphendula imibuzo elandelayo .,study this piece of fiction and answer the following questions.,Neutral
fundisisa lesi siqeshana senoveli bese uphendula imibuzo elandelayo .,study this passage from the novel and answer the following questions.,Positive
fundisisa lezi zibongo bese uphendula imibuzo elandelayo ngezansi .,study these surnames and answer the following questions below.,Neutral
futhi thina naye siyezwana .,and we get along with him.,Neutral
hhawu !,wow!,Positive
hhayi-ke akulutho phela ngoba nabo ngabantu .,hhayi-ke akulutho phela ngoba nabo ngabantu .,Neutral
hhe !,huh!,Neutral
hhi ?,hhi ?,Neutral
"hlanganisa ndawonye okufanayo phakathi kwenkulumo kahlakanyane kanye nesisho esithi , ' ukusenga ezimithiyo ' .","put together the similarities between the speech of a wise man and the expression, 'milking the cows'.",Positive
hlaziya ubuye usekele isitatimende esingenhla ubhekise kulezi zinhlobo zobuciko bomlomo .,analyze and support the above statement referring to these types of oral art.,Positive
hlolisisa ubuqiniso obuqukethwe umusho obhalwe ngokugqamile kulesi siqephu .,examine the truth contained in the sentence written in bold in this passage.,Positive
icabanga ngamanqe ahlala ezula ethungatha isilwane esifile .,he thinks of vultures that always wander around looking for a dead animal.,Negative
ifuna wonke umuntu ukuba avuke azenzele .,it wants everyone to wake up and do it for themselves.,Neutral
igceke lomuzi womqashi lidonsa amehlo ngenxa yakhe lo msebenzi osebenza ngisho likhipha umkhovu etsheni .,"The yard of the employer's house is attracting attention because of him, this worker who works even pulls out a stone.",Positive
igijima nje impisi ayiyekile ukuqalaza phezulu .,the wolf just runs and doesn't stop looking around.,Positive
igwebu lemfezi lalisalokhu lithe ciki entanyeni kuyena .,The foam of the cobra was still around his neck.,Neutral
ikakhulukazi ngoba sihlanganiswe ngumsebenzi nawe .,especially because we are united by work and you.,Positive
ikuphi impilo kumuntu odla izinkukhu ezikhuliswe ngemijovo ?,where is the health of a person who eats chickens raised with injections?,Neutral
imikhiqizo ethwalwa ngezimoto mihla namalanga ephinde ibe ngumgogodla womnotho wezwe nayo isuke ingasakwazi ukufinyelela lapho okumele iye khona .,the products that are carried by cars every day which are also the backbone of the country's economy are no longer able to reach where they need to go.,Negative
imoto izihambele nje .,the car just drove itself.,Neutral
impela kulele kunye ukube kubili ngabe kuyavusana .,"It's definitely sleeping together, if there were two, they would wake each other up.",Positive
impilo yesimanje iyashesha .,modern life is fast .,Neutral
impisi yacabanga isu lokuhudula ihhashi iyolimboza ngotshani kude ngaphambi kokubiza izingane kanye nenkosikazi .,The wolf thought of a plan to drag the horse and cover it with grass far away before calling the children and the wife.,Negative
impisi yagijima igudla umfula ilule umqala futhi iqalaza lapho isidumbu sehhashi sidindilize khona .,The wolf ran along the river with his throat stretched out and looked around where the horse's body was lying.,Negative
impisi yasuka ngelikhulu ijubane ibheke ngasemfuleni ukuyobheka leli hhashi okukhulunywa ngalo .,The wolf left with great speed towards the river to look for the horse in question.,Positive
incwadi yobungani .,friendship letter.,Positive
ingani ngikhuluma nawe nje ?,Why am I talking to you?,Neutral
inhloko yekhaya isiyoyalela ukuba angeniswe ukuze aphuziswe amanzi .,the head of the household orders them to be brought in to drink water.,Neutral
inhloso yazo ukwenza imali noma ukudlulisa le mpahla ngoba isuke ishisa .,their purpose is to make money or transfer this property because it is hot.,Neutral
inkomo enjani ekhuliswa ngezinyanga eziyisihlanu ?,what kind of cow is raised in five months?,Neutral
inkomo le awusoze wafunga uthi iyinkomo yangempela ngoba ikhuliswa ngezinyanga eziyisihlanu .,You will never swear that this cow is a real cow because it is raised for five months.,Neutral
inkosana yawabona amazimu engena embhoshongweni kwaze kwaba umsila uyadonswa kungasabambelele muntu kuwona .,the prince saw the animals entering the tower until the tail was pulled and no one could hold on to it.,Negative
intsha yesigceme sangakini ihlela umcimbi wokubungaza intsha yalesi sigceme ephumelele empilweni .,The youth of your ward are organizing an event to celebrate the youth of this ward who have succeeded in life.,Positive
iphephandaba isokesimbone likhiphe udaba olungelona iqiniso olumayelana nelinye lamalungu omndeni wakho .,the sokesimbone newspaper published a false story about one of your family members.,Neutral
"iphi manje le njabulo ohlale ubuya nayo , uma ngabe uqhamuka emsebenzini esikhathini esiphambilini ?","where is the joy you always bring, if you come from work in the past?",Positive
iqiniso ngukuthi nje kwenzeka okuthile kimina mhla ngiqala ukukubona .,the truth is that something happened to me the first time I saw it.,Positive
isikhathi esiningi izakhamuzi zakuleli zihlezi zimatasatasa .,most of the time the citizens of this country are always busy.,Neutral
isikole ofunda kuso kulo nyaka sihlele umcimbi wokuvalelisa abafundi abafunda umatikuletsheni .,The school you attend this year has organized a ceremony to say goodbye to matriculation students.,Neutral
ivezani ithoni etholakala kulesi siqeshana ?,What does the tone in this passage convey?,Neutral
"iwazi kahle amanqe ukuthi uma engafika , angashiya amathambo emhlophe qwa ngokuphazima kweso .","vultures know very well that if they come, they can leave white bones in the blink of an eye.",Neutral
iyini inhloso yombhali ngokubhala lesi siqephu ?,What is the author's purpose in writing this passage?,Neutral
iyini inhloso yombhali ngokubhala ngalolu hlobo lwabasebenzi ababukelwa phansi ?,What is the author's purpose in writing about this type of workers who are looked down upon?,Neutral
iyini inhloso yombhali yokuthi usalimani ajeqeze emuva ngemuva kokuthi uzithulele embizele ehhovisi lakhe emshwathi ?,What is the author's intention for the poor man to look back after he quietly called him to his office in the morning?,Negative
iyini inhloso yombhali yokwethula indikimba yesimilo esixegayo ?,What is the author's purpose in introducing the theme of loose morals?,Negative
iyini inhloso yombhali yokwethula indikimba yobuntu ?,What is the author's purpose in presenting the theme of humanity?,Neutral
"izincwadi zinika ulwazi olubhalwe phansi ngokwenza amalungiselelo emicimbi eyahlukene , indlela yokupheka , ukukhulisa abantwana , ukuphatha abantu nokunye .","The books provide written information on how to prepare for various events, how to cook, how to raise children, how to manage people and so on.",Neutral
izincwasimende wosathane .,satan's treasures.,Positive
izinduna zesaba ukwenanela ngokuhleka ngoba zabona ukuthi umphephethe unamagangangozi .,The chiefs were afraid to echo with laughter because they saw that the fan had a lot of trouble.,Positive
izinganekwane namahubo kuveza izindikimba ezithize ' .,tales and hymns reveal specific themes ' .,Neutral
kakulula nokuthi kube khona abuza kuyena .,It's not easy to even have someone ask him.,Negative
kamuva nomcondo .,later with music.,Neutral
kanjalo nakwezinye izinhlanga amaqhawe ezizwe zawo kumele abungazwe ukuze umlando wawo ungashabalali .,"Similarly, in other races, the heroes of their nations must be celebrated so that their history does not disappear.",Positive
kanti benginikhokhelelani ?,and what was I paying you?,Neutral
"kanti uma befuna ukuhlala naye , abamthande nje kwaphela , hhayi ukuthanda imali yakhe .","and if they want to live with him, they just love him, not love his money.",Positive
kayikho indoda eyake yakhela enye umuzi .,no man has ever built a house for another.,Negative
khetha igama elingenayo incazelo ehambisana nalelo elibhalwe ngokugqamile .,choose the word that does not have the same meaning as the one in bold .,Positive
kholwa yile ncazelo engikunika yona wena .,believe this explanation that I give you.,Neutral
kodwa ngokwami yimbizo lena .,but for me this is a calling.,Neutral
kuhle lokho .,that's good.,Positive
kukhala ipiki nefosholo kuphela .,only a pick and a shovel.,Neutral
kukhona-ke nalabo abasebenza ezindaweni ezinabaqashi abangavumi ukubadedela abasebenzi babo ukuze bayothenga .,there are also those who work in places with employers who do not allow their employees to go shopping.,Negative
"kulezi zinsuku zokufunda sekunamaqoqo okufunda ngokuhlanganyela , kufundwa ngamaqembu , lapho kubuyekezwa izincwadi bese kwabelwana ngolwazi olutholakele .","in these learning days, there are collective learning groups, reading in groups, where books are reviewed and the information found is shared.",Positive
kulolu hambo kube nezinto ezibalulekile enizifundile .,In this trip there were important things that you learned.,Positive
kumele likhunjulwe ukuze iqhaza elalibamba laziwe yizizukulwane ngezizukulwane .,it must be remembered so that the role it played will be known from generation to generation.,Positive
kumethuse lokho udumazile .,that scared him and disappointed him.,Negative
"kunemibono eyahlukene kubazali , izinhlangano zamalungelo ezingane kanye nabaholi bezenkolo mayelana nokushaywa kwezingane .","There are different opinions from parents, children's rights organizations and religious leaders about beating children.",Negative
kungaba izindlela ozisebenzisile ukwakha impilo noma umnotho wakho .,It could be the methods you used to build your life or economy.,Neutral
kungabalwa amaphutha awenzile nezindlela awalungisa ngazo .,The mistakes he made and the ways he corrected them can be counted.,Negative
kungabe ngempela le mbedumehlwana emzini wami idalwa yimi ?,Is it really me who created this mess in my house?,Negative
kunganika umzali isikhathi esanele azosichitha nengane kunokuba elokhu eyigxeka ngokwehluleka kwayo .,it can give the parent enough time to spend with the child instead of constantly criticizing him for his failure.,Negative
kunganjani ukuba babizwe ngokweminyaka yabo njengophawu lokukhombisa inhlonipho ?,How about being called according to their age as a sign of respect?,Positive
kungena usalimani .,the money comes in.,Neutral
kuningi kakhulu engikwaziyo mama nawe baba .,"I know a lot, mom and dad.",Neutral
kunjalo ngwazi .,of course I know.,Neutral
kunjani kuwe ukuzikhukhumeza ?,how is it for you to be arrogant?,Negative
kunjengoba ngisho nje mame .,"it's like I'm just saying, ma'am.",Positive
kuphinde kwandise namathuba omsebenzi emphakathini ukuze kuxoshwe ikati eziko .,it also increases job opportunities in the community to drive the cat out of the oven.,Positive
kuphuma umkhokha ndodana .,The son is paying.,Neutral
kusobala ukuthi abantu abehlukene bangaba nezinhloso ezingafani ezenza bafune ukufunda izincwadi .,It is clear that different people can have different goals that make them want to read books.,Positive
"kuyajabulisa ukubona izingane ziyothi tshobe endlini yalowo osebenza ehlala nazo , zihlale zize zidle ngisho lokho kudla akuphekile .","it's nice to see the children go to the house of the worker who lives with them, stay and eat even if the food is not cooked.",Positive
kuyamangaza ngoba bona labo bantu ababhikishayo bayakhala uma sebekhokha intela yentengo emba eqolo ngenxa yomnotho ongakhuli .,It is surprising because the people who are protesting are crying when they pay the high price tax due to the economy not growing.,Negative
kuyaye kuthiwe uma ufisa ukufihlela umuntu ulwazi lushicilele encwadini .,"It is said that if you want to hide information from someone, publish it in a book.",Negative
kuyaye kwandiswe nabasebenzi betoho ukumelana nomthamo walolu suku .,it is increased with part-time workers to cope with the capacity of this day.,Positive
kuyenzeka uthole incwadi ekhuluma ngempilo yomuntu nezinselelo abhekana nazo empilweni ngaphambi kokuba aphumelele .,it is possible to find a book that talks about a person's life and the challenges they face in life before they succeed.,Positive
kuyinto engeke siyishayele ihlombe lena ngoba ibulala umnotho wezwe .,This is something that we cannot applaud because it is killing the country's economy.,Negative
kuyinto enzima ukwethembeka kepha kufanele kungayekwa nje ngoba izimfihlo lezi ziyinkinga kungakho kuye kuthiwe ayikho impunga yehlathi ngoba lapho imfumbe ibhoboka khona buchitheka bugayiwe .,It is difficult to be honest but it should not be left alone because these secrets are a problem and that is why it has been said that there is no gray in the forest because where the riddle breaks it spills out and is digested.,Negative
kuzoba nezikhamba ezimbili .,there will be two tubers.,Neutral
kwabingelelwana ngaleyo ndlela yesilungu .,it was shared in that way of the member.,Positive
kwakukhona impisi eyayihlala ehlathini lasentshonalanga .,there was a wolf that lived in the western forest.,Neutral
kwakumnandi ukuzwa amaphimbo ngaphandle kokubona abaculayo .,it was nice to hear the voices without seeing the singers.,Positive
"kwakuthi ungaphela umculo , ibuyele ekhaya ithokozile .","when the music stopped, it returned home happy.",Positive
kwase kuvuke nesifo sayo esidala sokuba nomona .,and his old disease of jealousy woke up.,Negative
"kwathi angavela emnyango wendlu yakhe , wamtshela ukuba athathe zonke izimpahla zakhe azifake emotweni .","when he appeared at the door of his house, he told him to take all his clothes and put them in the car.",Neutral
kwathi ngesikade bafika ubuthongo .,and then they fell asleep.,Neutral
"kwesinye isikhathi bekuthi kungazelele muntu kuzwakale ngomuntu esekhuleka esangweni esethi , ' sikhulekile ekhaya !","sometimes it would suddenly be heard of a person praying at the gate and saying, 'Let's pray at home!",Positive
kwesinye isikhathi kukhona okudingeka kuphuthunyiswe masishane .,sometimes something needs to be done quickly.,Neutral
kwesinye isikhathi lolo lwazi lungakusiza ukuba ungaphindi wenze amaphutha afanayo nasekuhleleni ingomuso elingcono .,sometimes that information can help you not to make the same mistakes again and to plan a better future.,Positive
laba abavuma ukuphanisa kuhle kwempahla yakobelungu kubona umuntu ngamunye acoshe uhlamvu olumhlophe esakeni lwalo bhontshisi aluphonse esitsheni esingakwesokunxele .,those who agree to donate like the goods of the whites see that each person picks up a white letter from the sack of beans and throws it into the container on the left.,Positive
lahlala lezwela esiphongweni .,it remained tender on the forehead.,Neutral
langa limbe uvelaphansi wacabanga ukuthi uzosihlekisa ngani isilo uma esebizwa ukuzokwenza amahlaya .,The day came from the ground and he thought what he would do to make fun of the beast when he was called to make jokes.,Positive
"le mpumelelo izuzwa kakhulu abafundela ukuthola ulwazi , kunalabo abafundela ukuzithokozisa nokuchitha isizungu .","this success is achieved more by those who study to get knowledge, than those who study for pleasure and spending time alone.",Positive
le ndoda isivele iwuzuzile umphefumulo .,this man has already won the soul.,Positive
leli khasi liyokwelekelela ohlolwayo ukuba akhethe imibuzo azoyiphendula ngaphandle kokufunda imibuzo yephepha lonke .,this page will help the examinee to choose the questions to answer without reading the questions of the whole paper.,Positive
leli khasi liyolekelela abahlolwayo ukuba bakhethe imibuzo abazoyiphendula ngaphandle kokufunda imibuzo yephepha lonke .,this page will help the examinees to choose the questions they will answer without reading the questions of the whole paper.,Positive
lesi senzo asiyona inkinga kwezinye izinhlanga .,this action is not a problem for other races.,Positive
leso senzo sidala ukuba beqe emsebenzini noma babike ukungaphili nezinye izizathu ukuze bahambe bayothenga .,that action causes them to skip work or report being sick and other reasons to go shopping.,Negative
leyo mithetho akumele ihlukumeze amalungelo ezingane .,those laws must not violate the rights of children.,Positive
lezi zindawo ziyanakekelwa .,these areas are maintained.,Neutral
"lihle iqiniso , akuyona indlela yokuphila engafundiswa izingane ezincane le .","The truth is, this is not a way of life that can be taught to young children.",Positive
liyovela kanjani iqiniso pho lo mkhuhlane womfazi ungekho ?,How will the truth come out when this wife's fever is not there?,Positive
lo mbuzo kawulona iphutha kepha kukhona lapho ngiqonde khona .,This question is not a mistake but there is something I mean.,Positive
lo mlando usuke uxwayisa izakhamuzi ukuthi yize zingekukhohlwe okwadlula kodwa mazixolelane ukuze ziqhubekele phambili nempilo .,"This history is warning the citizens that although they should not forget the past, they should forgive each other in order to move forward with life.",Positive
lobu buhlobo bungaze bakhe nemindeni emisha uma buphathwe kahle .,this relationship can even build new families if it is managed well.,Positive
lokho kuveza ngokusobala ukuthi ukwehluka kwabanye kuyinto enhle futhi eyigugu esizweni .,that clearly shows that being different from others is a good and valuable thing for the nation.,Positive
lokho kuzokwenza ingane ikukhuthalele ukusebenza kanzima ngoba ilangazelele umklomelo ezowuzuza uma isebenze ngokuzikhandla .,that will make the child work hard because he is looking forward to the prize he will get if he works hard.,Positive
lokho kuzokwenza ucebe ngolwazi .,that will make you rich in knowledge.,Positive
lokhu bakwenzela ukuthi izingane zingakhali ngokuthi bezingazi uma sezizifake obishini .,they do this so that the children don't cry because they didn't know when they got themselves into trouble.,Neutral
lokhu kukhombisa ukuthi amathuba omsebenzi ayadaleka ngokufunda izincwadi .,this shows that job opportunities are created by reading books.,Positive
lokhu kwenza ukuthi odokotela basebenzele emuva ungabonakali umsebenzi wabo .,This makes doctors work behind the scenes and their work is not visible.,Neutral
lolu suku lwenza izakhamuzi zakuleli zithandane ngoba zisuke sezazana kangcono kunakuqala .,this day makes the residents of this area fall in love because they know each other better than before.,Positive
lona esihlangene ngaye namuhla .,the same meeting for him today .,Neutral
luqambe luyafika lolu suku sebemi ngomumo emaphaketheni .,let's say this day is coming and they are ready in the pockets.,Positive
luselude ukhalo .,the waist is still long.,Neutral
mameshane yimihlola yini lena ?,"mameshane, what are these tests?",Neutral
mantshi nawe mbusi akube abantu abazikhethelayo ukuthi bafuna ukubuswa ngubani .,The magistrate and the governor should be the people who choose who they want to be governed by.,Positive
maye !,drunk!,Negative
mbusi mina ngithi abantu bami akube yibona abazikhethelayo abafuna ukuba yikhona .,mbusi mina ngithi abantu bami akube yibona abazikhethelayo abafuna ukuba yikhona .,Neutral
mina ngingamkhuza ugogo uma ekubiza ngonkosana .,I can scold my grandmother if she calls you a prince.,Negative
"mina ngiyingane yalapha ekhaya , hhayi isisebenzi .","I am a local child, not a worker.",Neutral
mphuthumeni mani !,send me !,Neutral
nabanikazi bezitolo nabo benza enkulu inzuzo lena ngemikhiqizo yabo enhlobonhlobo .,and shop owners also make a big profit from their various products.,Positive
nabukelela ifa lami liya kwantshangase .,Itâ€™s a sketch of the process.,Neutral
namanje angikuzwa !,I still don't hear it!,Neutral
nami iyangidina into yokubizwa amandiya ngonkosana .,I am also tired of being called an Indian prince.,Negative
nami nginezezela emkhondweni kamama ndodana .,I am also following in the footsteps of my mother and son.,Neutral
namuhla uthi uphethe ubufakazi ?,today you say you have proof?,Neutral
nansi inyakaza !,here it is moving!,Neutral
nawe usufuna ukubizwa ngenkosana ?,Do you want to be called a prince?,Positive
ndodana kanti akuthi lapho kulotsholwa ithokazi libelethiswe nenkonyane lalo ?,"My son, isn't it said that when a heifer is found, she gives birth to her calf?",Neutral
"nembala , wehla umsila wengubo uphuma embhoshongweni .","In fact, the tail of the garment came down from the tower.",Neutral
nempela kwaba njalo .,indeed it was so.,Neutral
ngabe amazwi abhalwe ngokugqamile amveza njengomlingiswa onjani umdaluli ?,What kind of character do the words written in bold reveal him as a whistleblower?,Positive
ngabe amazwi abhalwe ngokugqamile amveza njengomlingiswa onjani usalimani ?,What kind of character are the words written in bold?,Positive
"ngabe isaga esithi , ' intuthwane iyayithwala indlovu ' sihambisana kanjani nomyalezo wale nganekwane ?","How does the proverb that says, 'the ant carries the elephant' match the message of this tale?",Neutral
ngabe uyavumelana nokuthi lo mdlalo uphela ngovuthondaba ?,Do you agree that this game ends with a climax?,Positive
ngakho-ke umgubho walolu suku ubalulekile ngoba uletha ubumbano kuzo zonke izinhlanga zakuleli .,"therefore, the celebration of this day is important because it brings unity to all the ethnic groups in this country.",Positive
ngakuzwa ubabaza ?,I heard you exclaim?,Neutral
ngaleyo ndlela kuba nabantu abaningi abagcina sebelahlekelwa yimisebenzi ngenxa yokuthi basuke bengasasebenzi ndawo .,thus there are many people who end up losing their jobs because they no longer work anywhere.,Negative
"ngaphambi kokuba lolu suku lubungazwe njengosuku lwendali emhlabeni wonke , abacwaningi bathi lwaqala luwusuku lokudayisa kwabantu abamnyama ababeyizigqila ngamanani aphansi .","before this day was celebrated as auction day all over the world, researchers said that it started as a day of selling black people who were slaves at low prices.",Positive
ngaphandle kokuzithuthukisa ukufunda kukwenza ukwazi ukuqonda uhlele ngaphambi kokuthatha izinqumo eziphusile ngalokho ofuna ukukwenza .,"Apart from self-improvement, learning enables you to understand and plan before making sound decisions about what you want to do.",Positive
ngeke ngikwenze lokho .,I will not do that.,Neutral
ngeke ngiwakhiphe .,I will not take them out.,Neutral
ngeke umuntu akwazi ukufunda buthule engazange aqale akwazi ukufunda ngokuphimisa .,A person cannot read silently without first being able to read aloud.,Neutral
ngelinye ilanga kubalulekile ukuba zivakashelwe lezi zindawo ukuze zibubone lobu buhle obumangazayo .,one day it is important to visit these places to see this amazing beauty.,Positive
"ngena endlini , mina ngizokhuluma nomakhelwane .","enter the house, I will talk to the neighbors.",Neutral
ngena !,come in!,Neutral
ngenani bafowethu .,Count my brothers.,Neutral
ngenye indlela kusho ukuthi abantu ukugula bakufaka nsuku zonke emizimbeni yabo .,"In other words, it means that people put illness in their bodies every day.",Negative
ngibeka uzuka wena ubeka utiki ?,I put uzuka and you put tiki?,Neutral
ngifunga ngiyagomela ukuthi okuningi siye sihlale phansi sibonisane ngakho sigcine sifinyelela esivumelwaneni .,"I swear, I assert that we sat down and discussed a lot so that we finally reached an agreement.",Positive
ngilekelele mkami !,Help my wife!,Positive
"ngingalokhu ngigudla iguma thamsanqa , kukhona okwaziyo ngempilo kamakoti ngaphambi kokuba nishade ?","I keep saying good luck, do you know anything about the bride's life before you get married?",Positive
ngingeqiniseke ngalokho baba nawe uyazi ukuthi umuntu unesifuba sakhe esaziwa nguyena yedwa angeke asichathazele omunye umuntu .,"I'm not sure about that, father, and you know that a person has his own chest that is known only by himself and cannot be affected by another person.",Negative
ngipheni indlebe .,give me an ear.,Neutral
ngithi angisakufuni kulo muzi ngakho-ke qoqa onke amasakana akho ubone ukuthi ulibhekisaphi nezwe .,"I say I don't want you in this house anymore, so collect all your bags and see where you are going with the world.",Negative
ngithi kukhona okude kusina kukujeqeza njalo wena .,I'm saying that there is something far away that keeps staring at you.,Neutral
ngixolele ngokubuza ngale ndlela ndoda .,"Forgive me for asking this way, man.",Positive
ngiyabonga baba .,ngiyabonga baba .,Neutral
ngiyakhumbula ngelinye ilanga sidla inyama laphaya ngasechibini lokubhukuda .,I remember one day we were eating meat over there by the swimming pool.,Neutral
ngiyakweshwama-ke lokhu baba .,"I am sorry for this, father.",Negative
ngiyanazi nina nithanda ukuthula .,I know you like peace.,Positive
ngiyaxolisa makhelwane .,"I'm sorry, neighbor.",Negative
ngizobeka amasaka amabili kabhontshisi .,I will put two sacks of beans.,Neutral
ngizokhonkotha ?,will I bark?,Neutral
ngizovele ngingabe ngisasho lutho .,I will just not say anything.,Neutral
ngokabani lo mfazi ombiza ngomkhuhlane ?,Whose is this woman who calls him with a fever?,Neutral
ngokabani lo muzi ?,whose village is this?,Neutral
"ngokujwayelekile , acula amazimu .","In general, they sing hymns.",Neutral
ngokusho kanjena ngiqonde ukuthi kungesize ngalutho ukuletha uqhekeko nengxabano emzini wakho .,"By saying this, I mean that it is useless to bring division and conflict in your home.",Negative
ngokuzayo ingane ngeke isaliphinda lelo phutha ngoba izobe isifundile emaphutheni ayo .,next time the child will not repeat that mistake because he will have learned from his mistakes.,Negative
ngokwakho ukubona yikuphi okufanele kwenziwe ukuze kulekelelwe abasebenzi mayelana nendlela okufanele baphathwe ngayo ngabaqashi babo ?,yourself to see what should be done to complement the workers in terms of how they should be treated by their employers?,Neutral
ngokwazi kwami akukho engingathi ungifihlele induku emqubeni ngakho .,"As far as I know, there is nothing I can say that you have hidden a stick in the garbage for me.",Neutral
"ngumbuzo onzima kakhulu lona baba kepha ngingawuphendula ngale ndlela , bengingemthathe uphindisiwe abe ngumkami uma bengingamethembi futhi ngingamthandi .","This is a very difficult question, father, but I can answer it this way, I wouldn't have taken her as my wife if I didn't trust her and I didn't love her.",Negative
ngwazi !,hero!,Positive
nika isaga ngokusebenzisa igama elidwetshelwe bese uchaza ukuthi ukuqanjwa kwalesi saga kuxhumana kanjani nokwenzakala kule nganekwane .,give a proverb by using the underlined word and explain how the meaning of this proverb is related to the events in this tale.,Neutral
nikeza isizathu sempendulo yakho .,give a reason for your answer.,Neutral
nikeza isizathu sokuba isimo senhlalo singabi sihle ekuqaleni kwalesi siqeshana .,give a reason why the social situation is not good at the beginning of this passage.,Negative
nikeza ithoni etholakala enkulumweni yomlingiswa ongusikhova kulesi siqeshana bese unika isizathu sempendulo yakho .,give the tone found in the owl character's speech in this passage and give a reason for your answer.,Neutral
nikeza izizathu zempendulo yakho .,give reasons for your answer.,Neutral
nivunyelwe ukuba nizikhethele abantu abazoniphelezela kulo mcimbi .,you are allowed to choose the people who will accompany you in this event.,Neutral
"njalo ngosuku , indodana yenkosi yayihamba iye phakathi ehlathini lapho yayizozwa umculo embhoshongweni .","every day, the king's son went to the middle of the forest where he would hear music from the tower.",Neutral
nje .,out.,Neutral
nomvula mntakwethu !,and rain my brother!,Neutral
okubalulekile khulumani enize ngakho izinyawo zigcwale udaka .,The important thing is to talk about what you came to do with your feet covered in mud.,Positive
okubuhlungu nakuso lesi sikhathi senkululeko laba abayizisulu zokuhlukumezeka abawazi amalungelo abo .,"what is sad even in this era of freedom, these victims of abuse do not know their rights.",Negative
okungapheli kuyahlola .,the infinite explores .,Neutral
okunye okubalulekile ngokufunda ukuthi kunikeza amasu okufunda alandelwa ngabafundi abanezinselelo ekufundeni ukuze babe seqophelweni eliphezulu .,Another important thing about learning is that it provides learning strategies that students with learning challenges can follow to be at their best.,Positive
"okwamanje zama ukuqoqa ekamelweni lakho , bese uthatha njalo isitsha obudla ngaso usifake esinkini .","In the meantime, try to tidy up your room, and always take the bowl you used to eat with and put it in the sink.",Neutral
okwenzeka kudala akuchazi ukuthi abantu babe yizitha namanje .,what happened a long time ago does not mean that people are still enemies.,Negative
okwesibili usuyindoda manje .,"secondly, you are a man now.",Neutral
onogada bakhona banomkhuba omubi wokuhlukumeza nokungahloniphi amalungelo abathengi .,The guards there have a bad habit of harassing and disrespecting the rights of consumers.,Negative
phawula ngekhono lombhali ekwethuleni isizinda salo mdlalo .,comment on the author's skill in presenting the background of this play.,Positive
"phawula ngekhono lomlandi ekwethuleni isakhiwo senganekwane ubhekise esingenisweni sale nganekwane ethi , ' impisi eyisiminzi ' .","Comment on the storyteller's skill in presenting the structure of the tale referring to the introduction of this tale, 'the gluttonous wolf'.",Neutral
phawula ngokusetshenziswa kwesisho esibhalwe ngamagama agqamile kulezi zibongo .,note the use of the expression written in bold in these surnames.,Positive
phela amaqaqa ayesedlulele ngokubola .,"after all, the knots had gone beyond rotting.",Neutral
phela izimpahla eziningi zisuke zibuthwa phansi futhi abantu bathola nethuba lokuthenga izinto ababekade befisa ukuba nazo kodwa bengenayo imali .,"after all, many goods are collected from the ground and people get the opportunity to buy things they wanted to have but did not have money.",Positive
phinde sesadlula leso sikhathi ngoba abantu abaningi sebeyazi ukuthi ulwazi oluningi lutholakala ezincwadini .,we have passed that time because many people know that a lot of information can be found in books.,Neutral
phuma ngaphansi kwemoto !,get out from under the car!,Neutral
qala ubheke uhla lokuqukethwe olukhonjisiwe bese ukhetha imibhalo oyifundile kulo nyaka .,first look at the list of contents shown and select the texts you have read this year.,Neutral
safika ngaleso sikhathi isithunywa esivela enkosini ushaka .,A messenger from King Sharka arrived at that time.,Neutral
sekela impendulo yakho ubuye usho ukuthi wena wawungenzenjani uma wawungabhekana nalesi simo .,support your answer and say what you would do if you were faced with this situation.,Positive
sekela impendulo yakho ubuye usho ukuthi wena wawungenzenjani uma wawungabhekana nalesi simo ?,support your answer and say what you would do if you were faced with this situation?,Positive
sekela impendulo yakho uveze ukuthi wena ungenzenjani uma ungabhekana nalesi simo .,support your answer and show what you would do if you were faced with this situation.,Positive
sekela impendulo yakho .,support your answer.,Positive
sekela umbono wakho .,support your opinion.,Positive
sekumele kucace-ke manje !,It should be clear now!,Positive
sekusele ukuba aziyise kuyo .,it is left for him to take himself to it.,Neutral
sengiyakushiya !,I'm leaving you!,Neutral
senzeni na ?,what do you do with ?,Neutral
sesiyohleka-ke isilo kujabule wonke umuntu .,the beast will laugh and everyone will be happy.,Positive
sibongile zungu ?,Thank you Zungu?,Positive
singeke sithi sibadala kangaka bafana sizomelwa yinina ngezinyawo .,"We cannot say that we are so old, boys, we will be represented by your feet.",Neutral
singqunga !,we are surrounded!,Neutral
siyini isizathu esenza ukuba umandovela abe manqikanqika ngokulandela ukheswa uma embiza ukuya endlini yabo yokulala ?,What is the reason why the mandovela is reluctant to follow the keswa when he calls him to their bedroom?,Negative
sizathu sini esenza usalimani enqabe ukukhipha amabutho akhe ngaphandle kwenkantolo ?,What is the reason why he refused to take his troops out of court?,Negative
sizogcina ngawe .,we will end up with you.,Neutral
sukuma jamu !,sukuma jamu!,Neutral
sukumani !,get up!,Neutral
thina senze nje - indikimba yesibindi .,We just did - a body of courage.,Positive
thina senze nje .,we just did.,Neutral
thina sibonga ukwamukeleka ngomoya omuhle lapha ekhaya .,We are grateful to be welcomed in a good spirit here at home.,Positive
ubabona ngisho besebenza ukuthi bayawujabulela umsebenzi wabo .,you can even see them working that they enjoy their work.,Positive
ubamiseleni esangweni ?,Why did you set them at the gate?,Neutral
ubuciko bomlomo bungafundisa ngomlando wokudabuka kwezinto ezithinta impilo yomphakathi nezici zezilwane ezithile .,Oral art can teach about the history of the origin of things that affect public health and the characteristics of certain animals.,Positive
ubusaphasapha zingcolisa kube sengathi akuqoqwanga endlini .,you were spreading them dirty as if they were not collected in the house.,Negative
ucabanga ukuthi indlela abantu abathenga ngayo ngalesi sikhathi sonyaka inamthelela muni emnothweni wakuleli laseningizimu afrika ?,What do you think the way people buy at this time of the year affects the economy of South Africa?,Neutral
ucabanga ukuthi isigameko sokukhetha kusetshenziswa isu likabhontshisi sasingaba namuphi umphumela empilweni kasalamani ukube asiphumelelanga ?,What effect do you think the incident of choosing using the bean strategy would have had on Salamani's life if it had not been successful?,Negative
ucabanga ukuthi kungaba yini umthelela empilweni yezingane ezingabahloniphi abantu abasizayo emakhaya azo ?,What do you think would be the impact on the lives of children who do not respect the people who help in their homes?,Neutral
ucelwe umndeni ukuba ubhale umlando wakhe .,He was asked by his family to write his history.,Neutral
ucwaningo lukhombisa ukuthi uma abantu bengazange bakwazi ukufundela ukuqondisisa ngolimi lwebele besesemabangeni aphansi esikoleni kuba nzima ukuthi babe ngabafundi nabantu abanolwazi .,"research shows that if people are not able to read and understand in their mother tongue while they are in primary school, it is difficult for them to become students and knowledgeable people.",Negative
udinga inhlawulo .,you need a penalty.,Negative
ufuna ukubonani kanti ?,What do you want to see?,Positive
ufunelani ?,what do you want?,Positive
uhulumeni waseningizimu afrika useze nemibandela emayelana nokuphepha kwabathengi ngalolu suku .,The South African government has come up with provisions regarding consumer safety on this day.,Positive
ukonakala kwezinto emakhaya amaningi kuvame ukubangwa ukuthi kukwamachanca kwampunzi idla emini .,The damage of things in many homes is often attributed to the fact that it is in the middle of the day.,Negative
ukubaphoqa ukubulala izwe .,to force them to kill the country.,Negative
ukubuka izithombe ezizochukuluza umqondo wakho ikakhulukazi ezinganeni ezisakhula nakho kuyingxenye yokufunda nokwandisa ulwazimagama .,"looking at pictures that will stimulate your mind, especially for young children, is also part of learning and expanding vocabulary.",Positive
ukududana ngokucekela phansi izakhiwo eziwusizo emphakathini kungubuwula obuphindiwe .,misunderstanding by destroying buildings that are useful to society is double stupidity.,Negative
ukufika kwentuthuko emadolobheni amancane nasemphakathini wasemakhaya kwenze ukuthi lolu hlobo lwezitolo lugcine selwandile .,the arrival of development in small towns and rural communities has caused this type of shops to increase.,Positive
"ukufunda izincwadi kubalulekile ngoba kuholela empumelelweni enhle esikoleni , ekhaya , emsebenzini nasempilweni .","reading books is important because it leads to good success at school, at home, at work and in life.",Positive
ukufunda izincwadi kusiza ukuthuthukisa ulimi lwakho ukuze ukwazi ukuqonda kangcono nezinye izilimi .,reading books helps improve your language so you can better understand other languages.,Positive
ukufunda kanyekanye ngokuphimisa ikakhulukazi kubafundi abasebancane kuba enye indlela yokuthuthukisa ikhono lokufunda .,"Reading aloud together, especially for young students, is another way to improve reading skills.",Positive
"ukufunda kungenza ukuba uthole izinto , ulwazi kanye nezindlela ezintsha zokuxazulula izinkinga zabanye abantu .","reading can make you find things, knowledge and new ways to solve other people's problems.",Negative
ukugubha lolu suku kusuke kufundiswa izakhamuzi ngomlando wokubumbeka kwezinhlanga ezahlukene zakuleli .,"to celebrate this day, the citizens are taught about the history of the formation of the different ethnic groups in this country.",Positive
ukuhlala phansi nengane kungasiza umzali ekutheni afunde okuningi ngayo .,sitting down with the child can help the parent to learn more about him.,Positive
"ukuhlukana ngamasiko akusho lutho , okubalulekile ukuzwana .","Cultural differences do not mean anything, what is important is harmony.",Positive
ukukhetha izincwadi ezisezingeni lolwazi nekhono lomfundi kubalulekile ngoba angadikibala uma zingezona ezisezingeni lakhe .,choosing books that are at the level of the student's knowledge and ability is important because he can be discouraged if they are not at his level.,Positive
ukusinisa amahleza phela lokhu .,"after all, this is watering.",Neutral
ukuzigqaja ngesiko lakho akusho ukuthi uwashaya indiva amasiko abanye .,Being proud of your culture does not mean that you ignore the culture of others.,Positive
ukuziqhenya ngesiko lakho akusho ukuthi ubukele phansi amanye amasiko ezinye izinhlanga .,being proud of your culture does not mean that you look down on other cultures of other races.,Positive
ukwazi kabanzi ngomuntu kuyakusondeza kuye .,knowing more about a person brings you closer to him.,Neutral
"uma abantu bebona ukuthi bangahluleka ukuhlala nomuntu omdala , ikhona indawo lapho engaphila kangcono khona .","if people see that they can't live with an old person, there is a place where they can live better.",Positive
"uma ingane ingenzi kahle , umzali akazame ukuqonda isizathu salokho .","if the child is not doing well, the parent should try to understand the reason for that.",Negative
"uma izingane zikwazi lokhu , kungaba lula ukuba zizenzele imingcele ezogwema ukuthi zingangeni obishini .","if children know this, it would be easy for them to set limits for themselves that will prevent them from getting into trouble.",Positive
uma kubonakala ukuthi sekuthanda nokuhlwa .,if it seems like it's getting late.,Positive
uma ufuna kufe gula linamasi ungakwenza lokho .,"if you want the disease to die, you can do that.",Negative
uma ungakholelwa kuyona angazi noma uyoze uyizwe kangcono ngoba isiphuma ezindebeni zomlomo wabaphuma engilandi yini ?,"if you don't believe in it, I don't know if you will hear it better because it is coming from the lips of those who came out of the country?",Positive
"uma wenza nje , usushaya emhlolweni .","if you just do it, you will pass the test.",Neutral
umalume wakho obesebenza emkhosini wezempi wakuleli unishiye ngokukhulu ukuzuma ngenkathi edubuleka emngceleni .,Your uncle who was working at the military festival in this country left you very suddenly while he was being shot at the border.,Positive
umbhali wenoveli uyaye aveze abalingiswa bakhe ngobunjalo babo esebenzisa amasu ahlukene .,The author of the novel shows his characters in their nature using different techniques.,Positive
umbhali wobuciko bomlomo uyaye aveze abalingiswa bakhe ngobunjalo babo esebenzisa amasu ahlukene .,The writer of oral art often portrays his characters in their nature using different techniques.,Neutral
"umculo omnandi waqhubeka nsuku zonke , nenkosana yaqhubeka nokulalela .","The beautiful music continued every day, and the prince continued to listen.",Positive
umkakhe wahluleka ukubekezela .,his wife lost patience.,Negative
umngani wakho udlule emhlabeni ngokukhulu ukuzuma .,Your friend passed away very suddenly.,Positive
umphumela walokho kuba wukuthi abantu baphile isikhathi esifushane .,the result of that is that people live for a short time.,Neutral
umqondo wakhe uye uphambane uma kukhona okumcasulile .,His mind goes crazy when something upsets him.,Negative
umsebenzi usuke usubabiza ingekho indlela yokudembesela .,the work is calling them and there is no way to relax.,Positive
umthwebuli wephephandaba wabeba ngesithombe abasemsakazweni bephuma nyova bephakamise imishini .,a newspaper photographer took a picture of the radio station going out with their equipment up.,Neutral
umuntu odla inyama yenkomo ekhuliswe ngamakhemikhali usuke engadli inyama yenkomo yangempela kepha usuke esedla namakhemikhali azogcina emgulisa .,a person who eats beef raised with chemicals is not eating real beef but is eating chemicals that will eventually make him sick.,Negative
ungadinwa ndodana .,"don't get bored, son.",Positive
ungamngenisa yini umuntu ongamazi emzini wakho esikhathini samanje ?,Can you bring a stranger into your home nowadays?,Neutral
ungcole kabi !,You are very dirty!,Negative
ungunobhala wekomiti lentsha yangakini umeme isikhungo semfundo ephakeme ukuba sizolekelela ngolwazi oludingekayo kulabo abafisa ukufunda kulesi sikhungo .,he is the secretary of your local youth committee and invited the higher education institution to assist with the necessary information for those who wish to study at this institution.,Positive
unikezwe umsebenzi wokukhetha umculo okumele udlalwe emoyeni .,you have been given the task of choosing the music to be played on the air.,Positive
uqinisile umama wakho ndodana .,"Your mother is right, son.",Neutral
usanda kuthola inkontileka yokuba umdlali eqenjini lebhola esigabeni esikhokhelwayo .,he recently got a contract to be a player in a professional football team.,Neutral
useyobuzwa ukuthi ulibhekisa kuphi .,you will be asked where you are going.,Neutral
usindwe yizinyawo njengoba bengingasakwazi ukuyibamba le nsizwa .,He was weighed down by his feet as I could no longer hold this young man.,Negative
usokhaya uziphumulele nje elawunji ulokhu ebuka iwashi lapha esihlakaleni .,the host is just relaxing in the lounge and keeps looking at the watch on his wrist.,Positive
usuku lwamagugu singalugubha ngenxa yezizathu ezahlukene .,Heritage Day can be celebrated for different reasons.,Positive
uthathiwe esikhungweni semfundo ephakeme ukuba uyoqala ukufunda khona ngonyaka ozayo .,you have been taken to a higher education institution to start studying there next year.,Neutral
uthini ?,what are you saying?,Neutral
uthole itoho lokusebenza ngezimpelasonto esitolo esiseduze nomuzi kagogo wakho .,get a part-time job on weekends at a store near your grandmother's house.,Neutral
uwena ongaziyo nsizwa .,"You are the one who doesn't know, young man.",Neutral
uyabona ndodana impilo yokuganana inzima kakhulu .,"You see, son, married life is very difficult.",Negative
uyakhuleka .,he prays.,Positive
"uyakuthanda ngokweqiniso yena , akukho enigodlelana khona ?","Does he really love you, do you hold anything back?",Positive
uyanilamula .,He forgives you.,Positive
uyavumelana nokuthi ukungabi nobuntu kukabafana kumalume wakhe yikhona okwaba yisisusa sodweshu ?,Do you agree that the boys' inhumanity to his uncle was the cause of the conflict?,Positive
uyazi ukuthini ?,you know what?,Neutral
uyazwelana nomlingiswa ongumdaluli mayelana nokwenzeka kuye lapho eboshwa khona okokuqala ?,Do you sympathize with the whistleblower character about what happened to him when he was first arrested?,Negative
uyonikezwa indawo yokulala .,you will be given a place to sleep.,Neutral
uzobona isimanga !,you will see a surprise!,Positive
veza okungumehluko phakathi kwabathengi abalulungiselele nalabo abangalulungiselele lolu suku .,reveal the difference between consumers who are prepared and those who are not prepared for this day.,Positive
wabaleka neqiniso nje wena ?,did you just run away with the truth?,Positive
"wabona undumiso ukuthi kayingangaye , wakhumbula izinsizi zakhe , wacabanga amaphoyisa qede wahlaba ngejubane eseqonde emotweni yakhe .","he saw that the praise was not as good as him, he remembered his troubles, he thought of the police and then he quickly went to his car.",Negative
wacabangela umntwana wakhe ukuthi uzosuke abe yintandane kanti usemncane .,He thought about his child that he will be an orphan and he is still young.,Neutral
wadumela amaqaqa amabili azifele wawasonga ngesikhumba esikhulu sengwe .,He cut two pieces of paper and wrapped them in a large tiger skin.,Negative
wafika umcabango ngokushesha .,the thought came quickly.,Neutral
wafika wangena maqede wazivalela .,he came and went in and then locked himself up.,Neutral
wakubeka kwasobala bha ukuthi lukhulu baluqondile .,He made it very clear that they meant a lot.,Positive
walala zwi kwaze kwasa .,he slept soundly until morning.,Neutral
"wama isikhashana uhlakanyane ephendula , ' ngiyobiza abangani bami amanqe ukuze bazokudla inyama .","The wise man stopped for a while and answered, 'I will call my friends the vultures so they can eat meat.",Positive
washeshe wafunda kwezakhe ugenyeza ukuthi wayephaphalazile ngokukhombisa ubungani nomhlophe phambi kwabakubo .,he quickly learned from his own and admitted that he was foolish to show friendship with white people in front of his people.,Positive
wathi engena nje uthukela lwabe selugola izintethe .,"He said that as soon as he entered, he cursed and the grasshoppers began to swarm.",Neutral
wawuhlakaza ngokuphazima kweso umhlangano .,he suddenly broke up the meeting.,Negative
wayengathandi ukuthoshwa phambi komkakhe owayehlala emkhuza ukuba ayeke ukuzehlisa ngokushaya indlamu nabantu abamnyama .,He didn't like being humiliated in front of his wife who always warned him to stop degrading himself by beating black people.,Negative
"wayesababuka kanjalo ngenkathi kungqongqozwa kanye emnyango , kuvuleka isicabha , kungena uxolani ehefuzela , amehlo egcwele izinyembezi .","he was looking at them like that when there was a knock at the door, the door opened, and the old man entered panting, his eyes filled with tears.",Positive
wazi ngani ukuthi kukhona imfihlo ayaziyo ngenkosikazi kathamsanqa afuna ukusebenzisa ithuba elinje ngaleli ukuthola imali ?,How do you know that there is a secret he knows about the lucky wife who wants to use an opportunity like this to get money?,Positive
wazihlalela kuleyo ndlu kwaze kwashaya isikhathi sokulala .,he stayed in that house until it was time to sleep.,Neutral
wazithola ephoqelekile ukuba akhiphe ingonyuluka yakhe .,he found himself forced to take out his bride.,Negative
wena nentombi yakho yasegoli nenqaba ukwehla niye ezansi lapho kwakosiwa khona inyama .,You and your girlfriend from Goli refused to go down to where the meat was being grilled.,Negative
wo !,wo !,Neutral
wonke umuntu unesithunzi adalwa naso .,everyone has a dignity with which they were created.,Positive
"xoxa ngekhono le mbongi ekusebenziseni imifanekisomqondo ukugqamisa umoya wale nkondlo ethi , ' ugqozi ' .","discuss the poet's skill in using metaphors to highlight the spirit of this poem, 'motivation'.",Positive
xoxa ngempumelelo yembongi ekusebenziseni ubuciko bokubumba inkondlo ngokwesakhiwo sangaphandle ukuthi kuhambisana kanjani nesigqi sayo .,discuss the success of the poet in using the art of shaping the poem according to the external structure and how it is compatible with its rhythm.,Positive
"xoxa ngempumelelo yombhali ekubhebhethekiseni udweshu kuze kuyofika kuvuthondaba kulo mdlalo othi , kudela owaziyo .","discuss the author's success in escalating the conflict until it reaches its climax in this play called, who knows what.",Positive
"xoxa ngempumelelo yombhali ekubhebhethekiseni udweshu kuze kuyofika kuvuthondaba kulo mdlalo othi , ubhuku lwamanqe .","discuss the author's success in escalating the conflict until it reaches its climax in this game called, book of vultures.",Positive
"xoxa ngempumelelo yombhali ekugqamiseni indikimba yesimilo esixegayo kule noveli ethi , kunjalo-ke .","discuss the author's success in highlighting the theme of lax morals in the novel , that's right .",Positive
"xoxa ngempumelelo yombhali ekugqamiseni indikimba yomcebo kule noveli ethi , usumenyezelwe-ke umcebo .","discuss the author's success in highlighting the theme of wealth in this novel, the wealth has been declared.",Positive
xoxa ngomyalezo otholakala kule nganekwane ubhekise kumlingiswa oyimpisi .,discuss the message found in this tale referring to the wolf character.,Neutral
yabe seyicasha khona lapho ukuze ibheke ukuthi kuzokwenzekani .,then hid it there to see what would happen.,Negative
yagcina iwubona umbhoshongo kodwa yangawubona umnyango .,it finally saw the tower but could not see the door.,Neutral
yajika inkosana yaqhubeka nendlela yayo .,the prince turned and continued on his way.,Neutral
yalunga-ke le nto .,Yalunga-I'm with a thing,Neutral
"yasondela kancane , ihamba izifihla ngoba ingafuni ukubonwa .","yasondela kancane , ihamba izifihla ngoba ingafuni ukubonwa .",Neutral
yawuchitha umuthi inkonyane .,the calf destroyed the tree.,Negative
yayingasacwayizi inkosana ngoba ingafuni ukuphuthelwa ukubona konke okwenzekayo .,the prince didn't blink anymore because he didn't want to miss seeing everything that was happening.,Positive
yehlisa umoya ndodana .,calm down son.,Positive
"yema inkosana , isanganiswe ngumculo omnandi kangaka .","The prince stopped, enraptured by the beautiful music.",Positive
yenza ukugayeka kokudla kube lula !,makes digestion easier !,Positive
yibona abangithume ukuba ngibabike kuqala .,yibona abangithume ukuba ngibabike kuqala .,Neutral
yikuphi ongakwenza uma ungase ubhekane nalesi simo ?,What can you do if you are faced with this situation?,Neutral
yimihlola kagambu yini lena ?,Is this in the protocol ?,Neutral
yimuphi umoya otholakala kulesi siqeshana ?,what spirit is found in this piece?,Positive
yini engekho manje ?,what is missing now?,Negative
yini kodwa lena engiyizwayo ?,yini kodwa lena engiyizwayo ?,Neutral
yini umsebenzi womlandi kulesi siqeshana ?,What is the narrator's job in this piece?,Neutral
yini yona lena ?,swell there?,Neutral
"yize kunjalo , abanye abazali basakholelwa ukuthi izingane zabo azikhuliswe ngemithetho yabo .","however, some parents still believe that their children should not be raised according to their rules.",Neutral
yizo izintwana zakhe ezincane ezithanda ukuba sinengiso .,those are his little children who like to be disgusted.,Negative
zibhale njengoba zibhaliwe ephepheni lemibuzo .,write them as they are written in the question paper.,Neutral
"zimshayela ucingo zibuza ukuthi uzobuya nini , zibuye zicebane kuyena noma zimxoxele konke okwenzekayo ekhaya njengoba eseholidini .","they call him and ask when he will come back, talk to him or tell him everything that is happening at home since he is on vacation.",Neutral
zingahlale zazi ukuthi uma zeqa leyo mingcele kuzoba nesinyathelo ezizothathelwa sona .,"they can always know that if they cross those limits, action will be taken against them.",Neutral
zinhle lezi zinhlanga ngezindlela ezahlukene .,These races are beautiful in different ways.,Positive
ziningi izindlela zokufunda izincwadi .,There are many ways to read books.,Neutral
ziqhenye ngesiko lakho kodwa ungakhohlwa ukuzinika ithuba lokufunda ngamanye amasiko .,Be proud of your culture but don't forget to give yourself the opportunity to learn about other cultures.,Positive
